"","Date","Settlement","Observed_quantity_cassava","Observed_price_cassava","Observed_quantity_dodo","Observed_price_dodo","Observed_quantity_fish","Observed_price_fish","Observed_quantity_firewood","Observed_price_firewood","Observed_quantity_charcoal","Observed_price_charcoal","Country"
"1","2019-10","Kyangwali",2.49,1000,0.38,500,0.11,1500,NA,NA,NA,NA,"Uganda"
"2","2019-10","Kyangwali",2.45,1000,0.29,500,0.35,8000,NA,NA,NA,NA,"Uganda"
"3","2019-10","Kyangwali",2.96,1000,0.23,500,0.22,3000,NA,NA,NA,NA,"Uganda"
"4","2019-10","Kyaka II",1.4,1000,NA,NA,0.8,5000,NA,NA,0.7,1000,"Uganda"
"5","2019-10","Kyaka II",1.4,1000,NA,NA,0.5,5000,NA,NA,1.2,1000,"Uganda"
"6","2019-10","Kyangwali",2.45,1000,0.29,500,0.35,8000,5.05,1000,0.84,1000,"Uganda"
"7","2019-10","Kyangwali",2.96,1000,0.23,500,0.22,3000,5.05,1000,0.84,1000,"Uganda"
"8","2019-10","Kyangwali",2.49,1000,0.38,500,0.11,1500,7.1,1000,0.84,1000,"Uganda"
"9","2019-10","Palabek",NA,NA,0.6,1000,NA,NA,NA,NA,1.6,1000,"Uganda"
"10","2019-10","Palabek",3.3,1000,0.9,1000,NA,NA,14.2,2000,1.6,1000,"Uganda"
"11","2019-10","Palabek",3.4,1000,0.7,1000,NA,5000,NA,NA,0.3,1000,"Uganda"
"12","2019-10","Palorinya",3,1000,0.8,600,0.5,10000,15.5,2000,1.4,1000,"Uganda"
"13","2019-10","Palorinya",3.2,1000,0.7,600,0.4,8000,16,2000,1.5,1000,"Uganda"
"14","2019-10","Palorinya",2.2,1000,0.6,500,0.4,5000,NA,NA,1.8,1000,"Uganda"
"15","2019-10","Adjumani",1.8,1000,0.5,2000,0.4,14000,16,5000,8.2,6000,"Uganda"
"16","2019-10","Adjumani",1.6,1000,0.6,3000,0.4,15000,18,5000,8.1,6000,"Uganda"
"17","2019-10","Adjumani",1.3,1000,0.6,3000,0.35,12000,18,5000,8.2,7000,"Uganda"
"18","2019-10","Bidibidi",2.9,1000,1.4,1000,0.3,1000,NA,NA,2.1,500,"Uganda"
"19","2019-10","Bidibidi",2.1,1000,1.2,800,0.2,5000,6,1000,1.8,500,"Uganda"
"20","2019-10","Bidibidi",NA,NA,1,1000,0.1,3000,NA,NA,2.1,500,"Uganda"
"21","2019-10","Imvepi",NA,NA,1.2,1000,NA,NA,NA,NA,3.1,1000,"Uganda"
"22","2019-10","Imvepi",NA,NA,0.83,1000,0.306,5000,NA,NA,NA,1000,"Uganda"
"23","2019-10","Imvepi",NA,NA,1.84,1000,0.281,5000,NA,NA,2.1,1000,"Uganda"
"24","2019-10","Koboko/Lobule",1.8,1000,1.5,1000,0.2,5000,11,2000,1.7,1000,"Uganda"
"25","2019-10","Koboko/Lobule",1.6,1000,1.7,1000,0.1,5000,10,2000,1.6,1000,"Uganda"
"26","2019-10","Koboko/Lobule",NA,NA,2.7,1000,0.2,5000,17.9,2000,2,1000,"Uganda"
"27","2019-10","Oruchinga",1,2000,NA,NA,NA,NA,12,1000,100,1000,"Uganda"
"28","2019-10","Arua/Rhino Camp",3.1,1000,1,400,0.3,4400,1000,7,2,1000,"Uganda"
"29","2019-10","Arua/Rhino Camp",3.5,2000,1.2,1000,0.2,5000,8.1,1000,1.6,1000,"Uganda"
"30","2019-10","Arua/Rhino Camp",2.8,1000,0.7,400,NA,NA,7.8,1000,1.8,1000,"Uganda"
"31","2019-10","Adjumani",1.7,1000,0.5,3000,0.4,12000,NA,NA,NA,NA,"Uganda"
"32","2019-11","Rwamwanja",1.7,1000,0.2,500,0.7,10000,NA,NA,NA,NA,"Uganda"
"33","2019-11","Kyaka II",NA,NA,NA,NA,NA,NA,NA,NA,NA,NA,"Uganda"
"34","2019-11","Kyaka II",NA,NA,NA,NA,NA,NA,NA,NA,NA,NA,"Uganda"
"35","2019-11","Kyangwali",5,300,1,500,1,10000,NA,NA,NA,NA,"Uganda"
"36","2019-11","Kyangwali",1,500,1,2000,1,7500,NA,NA,NA,NA,"Uganda"
"37","2019-11","Kyangwali",1,500,1,500,1,10000,NA,NA,NA,NA,"Uganda"
"38","2019-11","Bidibidi",NA,NA,1,600,0.1,2000,NA,NA,NA,NA,"Uganda"
"39","2019-11","Bidibidi",NA,NA,1,600,0.4,5000,NA,NA,NA,NA,"Uganda"
"40","2019-11","Bidibidi",NA,NA,0.9,600,0.11,3000,NA,NA,NA,NA,"Uganda"
"41","2019-11","Bidibidi",2.5,1000,1.1,800,0.22,5000,NA,NA,NA,NA,"Uganda"
"42","2019-11","Koboko/Lobule",1.5,1000,1.3,1000,0.4,7000,NA,NA,NA,NA,"Uganda"
"43","2019-11","Koboko/Lobule",1.5,1000,1.3,1000,0.3,5500,NA,NA,NA,NA,"Uganda"
"44","2019-11","Koboko/Lobule",1.4,1000,1.5,1000,0.3,5000,NA,NA,NA,NA,"Uganda"
"45","2019-11","Kyaka II",NA,NA,NA,NA,NA,NA,NA,NA,NA,NA,"Uganda"
"46","2019-11","Imvepi",NA,NA,0.6,400,NA,NA,NA,NA,NA,NA,"Uganda"
"47","2019-11","Imvepi",NA,NA,1.3,1000,NA,5000,NA,NA,NA,NA,"Uganda"
"48","2019-11","Imvepi",NA,NA,1.1,800,NA,5000,NA,NA,NA,NA,"Uganda"
"49","2019-11","Palabek",1.6,1000,0.6,1000,NA,NA,NA,NA,NA,NA,"Uganda"
"50","2019-11","Palabek",0.7,1000,0.5,1000,0.1,4000,NA,NA,NA,NA,"Uganda"
"51","2019-11","Adjumani",1.2,1000,0.35,3000,0.4,16000,NA,NA,NA,NA,"Uganda"
"52","2019-11","Adjumani",1.4,1000,0.33,3000,0.4,17000,NA,NA,NA,NA,"Uganda"
"53","2019-11","Bidibidi",1,1000,0.9,600,0.2,6000,NA,NA,NA,NA,"Uganda"
"54","2019-11","Bidibidi",1.9,1200,0.8,600,0.4,5500,NA,NA,NA,NA,"Uganda"
"55","2019-11","Bidibidi",1.8,1000,0.8,800,0.2,5000,NA,NA,NA,NA,"Uganda"
"56","2019-11","Bidibidi",NA,NA,0.6,500,NA,NA,NA,NA,NA,NA,"Uganda"
"57","2019-11","Arua/Rhino Camp",3.5,1000,1.2,400,0.4,5000,NA,NA,NA,NA,"Uganda"
"58","2019-11","Arua/Rhino Camp",NA,NA,1,800,NA,NA,NA,NA,NA,NA,"Uganda"
"59","2019-11","Arua/Rhino Camp",2,1000,0.9,800,0.4,6500,NA,NA,NA,NA,"Uganda"
"60","2019-11","Rwamwanja",NA,NA,NA,NA,NA,NA,NA,NA,NA,NA,"Uganda"
"61","2019-11","Imvepi",2,2000,0.9,1000,1,8000,NA,NA,NA,NA,"Uganda"
"62","2019-11","Kiryandongo",2,1000,1,1400,1,16000,NA,NA,NA,NA,"Uganda"
"63","2019-11","Adjumani",1.8,1000,0.6,2000,0.35,13000,NA,NA,NA,NA,"Uganda"
"64","2019-11","Adjumani",1.6,1000,0.5,2000,0.4,14000,NA,NA,NA,NA,"Uganda"
"65","2019-11","Adjumani",2.1,1000,0.6,2000,0.35,12000,NA,NA,NA,NA,"Uganda"
"66","2019-11","Bidibidi",2.3,1000,1.1,800,0.09,2000,NA,NA,NA,NA,"Uganda"
"67","2019-11","Bidibidi",2.1,1000,0.9,700,0.2,5000,NA,NA,NA,NA,"Uganda"
"68","2019-11","Bidibidi",2.6,1000,0.7,600,NA,NA,NA,NA,NA,NA,"Uganda"
"69","2019-11","Bidibidi",2.1,1000,0.8,800,0.25,5000,NA,NA,NA,NA,"Uganda"
"70","2019-11","Arua/Rhino Camp",3.2,2000,1,1000,0.3,5000,NA,NA,NA,NA,"Uganda"
"71","2019-11","Arua/Rhino Camp",3.5,1000,1.1,400,0.4,5500,NA,NA,NA,NA,"Uganda"
"72","2019-11","Palabek",3.1,1000,0.7,1000,NA,NA,NA,NA,NA,NA,"Uganda"
"73","2019-11","Palabek",3.5,1000,0.9,1000,NA,NA,NA,NA,NA,NA,"Uganda"
"74","2019-11","Palabek",3.1,1000,0.9,1000,0.02,5000,NA,NA,NA,NA,"Uganda"
"75","2019-11","Palorinya",3,1000,0.8,600,0.5,10000,NA,NA,NA,NA,"Uganda"
"76","2019-11","Palorinya",2.2,1000,0.6,500,0.4,5000,NA,NA,NA,NA,"Uganda"
"77","2019-11","Palorinya",3,1000,0.8,600,0.5,10000,NA,NA,NA,NA,"Uganda"
"78","2019-11","Bidibidi",4.2,1000,0.5,1000,0.25,5000,NA,NA,NA,NA,"Uganda"
"79","2019-11","Bidibidi",2.3,1000,0.65,800,0.15,5000,NA,NA,NA,NA,"Uganda"
"80","2019-11","Bidibidi",1.2,1000,0.8,800,0.1,2000,NA,NA,NA,NA,"Uganda"
"81","2019-11","Bidibidi",NA,NA,1.25,800,0.1,2000,NA,NA,NA,NA,"Uganda"
"82","2019-11","Kyaka II",1.4,1000,NA,NA,0.4,5000,NA,NA,NA,NA,"Uganda"
"83","2019-11","Oruchinga",NA,NA,NA,NA,NA,NA,NA,NA,NA,NA,"Uganda"
"84","2019-11","Oruchinga",NA,NA,NA,NA,NA,NA,NA,NA,NA,NA,"Uganda"
"85","2019-11","Nakivale",2.5,1000,1.3,2000,350,6000,NA,NA,NA,NA,"Uganda"
"86","2019-11","Nakivale",2.3,1000,NA,NA,350,6000,NA,NA,NA,NA,"Uganda"
"87","2019-11","Nakivale",2.5,1000,1.3,2000,NA,NA,NA,NA,NA,NA,"Uganda"
"88","2019-11","Imvepi",NA,1000,640,500,0.51,4300,NA,NA,NA,NA,"Uganda"
"89","2019-11","Imvepi",NA,NA,1.93,1000,0.82,5000,NA,NA,NA,NA,"Uganda"
"90","2019-11","Imvepi",NA,NA,0.992,600,0.82,4000,NA,NA,NA,NA,"Uganda"
"91","2019-11","Adjumani",1.6,1000,0.6,2000,0.4,16000,NA,NA,NA,NA,"Uganda"
"92","2019-11","Adjumani",1.8,1000,0.6,2500,0.4,17000,NA,NA,NA,NA,"Uganda"
"93","2019-11","Adjumani",1,1000,0.6,2000,0.4,13000,NA,NA,NA,NA,"Uganda"
"94","2019-11","Kyangwali",1,250,1,1600,1,16700,NA,NA,NA,NA,"Uganda"
"95","2019-11","Kyangwali",1,450,1,1700,1,15900,NA,NA,NA,NA,"Uganda"
"96","2019-11","Kyangwali",1,350,1,1650,1,16900,NA,NA,NA,NA,"Uganda"
"97","2019-11","Arua/Rhino Camp",2,1000,0.4,500,NA,NA,NA,NA,NA,NA,"Uganda"
"98","2019-11","Arua/Rhino Camp",4.5,1000,0.6,600,NA,NA,NA,NA,NA,NA,"Uganda"
"99","2019-11","Arua/Rhino Camp",3,1000,1,400,0.4,4500,NA,NA,NA,NA,"Uganda"
"100","2019-11","Koboko/Lobule",1.5,1000,1.8,1000,0.3,5000,NA,NA,NA,NA,"Uganda"
"101","2019-11","Koboko/Lobule",1.2,1000,1.2,1000,0.4,5000,NA,NA,NA,NA,"Uganda"
"102","2019-11","Koboko/Lobule",1,1000,0.8,1000,0.4,5500,NA,NA,NA,NA,"Uganda"
"103","2019-11","Palabek",3.5,1000,0.5,1000,0.02,7000,NA,NA,NA,NA,"Uganda"
"104","2019-11","Palabek",1.6,1000,0.4,1000,NA,NA,NA,NA,NA,NA,"Uganda"
"105","2019-11","Palabek",1.4,1000,0.9,1000,NA,NA,NA,NA,NA,NA,"Uganda"
"106","2019-11","Palorinya",1.8,1000,0.8,1000,0.4,5000,NA,NA,NA,NA,"Uganda"
"107","2019-11","Palorinya",2,1000,0.8,1000,0.4,5000,NA,NA,NA,NA,"Uganda"
"108","2019-12","Rwamwanja",1.5,2000,0.5,1000,0.3,10000,4,2000,0.6,1000,"Uganda"
"109","2019-12","Bidibidi",1.2,1000,0.45,1000,0.52,5000,NA,NA,1.1,1000,"Uganda"
"110","2019-12","Bidibidi",2.3,1000,0.6,1000,0.4,5000,NA,NA,NA,NA,"Uganda"
"111","2019-12","Bidibidi",1.3,1000,0.37,1000,0.2,2000,NA,NA,NA,NA,"Uganda"
"112","2019-12","Bidibidi",1.4,1000,0.43,1000,NA,NA,NA,NA,NA,NA,"Uganda"
"113","2019-12","Arua/Rhino Camp",4.5,1000,0.6,600,NA,NA,NA,NA,NA,NA,"Uganda"
"114","2019-12","Arua/Rhino Camp",1.9,2000,0.4,500,NA,NA,NA,NA,NA,NA,"Uganda"
"115","2019-12","Adjumani",1.3,1000,0.4,2000,0.4,15000,NA,NA,NA,NA,"Uganda"
"116","2019-12","Adjumani",1.5,1000,0.5,3000,0.4,18000,NA,NA,NA,NA,"Uganda"
"117","2019-12","Adjumani",1.3,1000,0.5,2000,0.4,16000,NA,NA,NA,NA,"Uganda"
"118","2019-12","Kyaka II",1.5,1000,NA,NA,0.4,5000,NA,NA,1.2,1000,"Uganda"
"119","2019-12","Palabek",3.3,1000,0.9,1000,NA,NA,12,2000,1000,2000,"Uganda"
"120","2019-12","Palabek",3.3,1000,0.7,1000,0.3,7000,NA,NA,1.5,1000,"Uganda"
"121","2019-12","Palabek",3.3,1000,0.6,1000,0.4,8000,NA,NA,1.6,1000,"Uganda"
"122","2019-12","Kyangwali",1,500,1,1200,1,10000,NA,NA,NA,NA,"Uganda"
"123","2019-12","Kyangwali",1,450,1,1400,1,12000,NA,NA,NA,NA,"Uganda"
"124","2019-12","Kyangwali",1,500,1,1300,1,14000,NA,NA,NA,NA,"Uganda"
"125","2019-12","Kyaka II",1.5,2000,NA,NA,0.25,5000,NA,NA,0.3,1000,"Uganda"
"126","2019-12","Kyaka II",2,2000,NA,NA,0.2,5000,NA,NA,0.5,1000,"Uganda"
"127","2019-12","Imvepi",NA,NA,1.23,800,NA,5000,NA,NA,NA,NA,"Uganda"
"128","2019-12","Imvepi",NA,NA,0.98,600,NA,4000,NA,NA,1.8,500,"Uganda"
"129","2019-12","Imvepi",NA,NA,0.668,400,0.53,5000,NA,1000,4.5,1000,"Uganda"
"130","2019-12","Adjumani",1.3,1000,0.6,3000,0.4,18000,NA,NA,NA,NA,"Uganda"
"131","2019-12","Palabek",1.6,1000,0.7,1000,0.2,7000,NA,NA,NA,NA,"Uganda"
"132","2019-12","Palabek",3.3,1000,0.9,1000,0.2,7500,NA,NA,NA,NA,"Uganda"
"133","2019-12","Imvepi",1,1000,1,1000,NA,NA,1,1000,2,1000,"Uganda"
"134","2019-12","Kyaka II",1.8,1000,NA,NA,0.4,5000,NA,NA,1.2,1000,"Uganda"
"135","2019-12","Adjumani",1.6,1000,0.7,3000,0.4,18000,NA,NA,NA,NA,"Uganda"
"136","2019-12","Adjumani",1.4,1000,0.7,3500,0.4,18000,NA,NA,NA,NA,"Uganda"
"137","2019-12","Adjumani",1.1,1000,0.7,3500,0.4,18000,NA,NA,NA,NA,"Uganda"
"138","2019-12","Nakivale",2.4,2000,NA,NA,NA,NA,NA,NA,NA,NA,"Uganda"
"139","2019-12","Nakivale",2.5,2000,1.8,2000,0.395,6000,NA,NA,NA,NA,"Uganda"
"140","2019-12","Nakivale",2.4,2000,1.8,2000,0.38,6000,NA,NA,NA,NA,"Uganda"
"141","2019-12","Oruchinga",2.6,2000,0.8,2000,0.35,6000,NA,NA,NA,NA,"Uganda"
"142","2019-12","Oruchinga",2,2000,1,2000,0.365,6000,NA,NA,1,1000,"Uganda"
"143","2019-12","Oruchinga",2.1,2000,1.5,2000,0.328,6000,NA,NA,NA,NA,"Uganda"
"144","2019-12","Kyangwali",1,450,1,1600,1,26600,1,500,1,800,"Uganda"
"145","2019-12","Kyangwali",1,220,1,1250,1,26600,1,200,1,1100,"Uganda"
"146","2019-12","Kyangwali",1,1,1,1250,1,28500,1,400,1,1250,"Uganda"
"147","2019-12","Bidibidi",NA,NA,1,1000,1,4000,NA,NA,1000,NA,"Uganda"
"148","2019-12","Bidibidi",NA,NA,1,1000,1,4000,NA,NA,1000,NA,"Uganda"
"149","2019-12","Bidibidi",NA,NA,1,1000,1,5000,NA,NA,1000,NA,"Uganda"
"150","2019-12","Bidibidi",NA,NA,0.3,400,0.3,5000,NA,NA,1.5,500,"Uganda"
"151","2019-12","Palorinya",3.8,2000,0.9,1000,0.3,5000,5,1000,1.5,1000,"Uganda"
"152","2019-12","Palorinya",3.6,2000,0.9,1000,0.35,5000,5,1000,1.5,1000,"Uganda"
"153","2019-12","Palorinya",3.5,2000,0.8,1000,0.3,5000,NA,NA,1.5,1000,"Uganda"
"154","2019-12","Bidibidi",NA,NA,0.9,1000,0.82,4000,NA,NA,1.1,1000,"Uganda"
"155","2019-12","Bidibidi",2.05,1000,0.9,1000,0.75,5000,6,2000,NA,NA,"Uganda"
"156","2019-12","Bidibidi",NA,NA,0.89,1000,0.8,5000,7,2000,1,1000,"Uganda"
"157","2019-12","Imvepi",1,1000,1,1500,NA,NA,1,1000,1,1000,"Uganda"
"158","2019-12","Bidibidi",NA,NA,0.89,1000,0.86,5000,NA,NA,1.5,500,"Uganda"
"159","2019-12","Bidibidi",2.1,1000,0.86,1000,0.75,5000,6.05,2000,3.5,500,"Uganda"
"160","2019-12","Bidibidi",2.5,1000,0.85,1000,0.8,5000,5.2,2000,1.96,500,"Uganda"
"161","2019-12","Bidibidi",2.1,1000,0.85,1000,0.78,5000,4.5,2000,1.5,500,"Uganda"
"162","2019-12","Bidibidi",2.1,1000,0.9,1000,0.95,5000,3,2000,1.8,500,"Uganda"
"163","2019-12","Palabek",3.1,1000,0.7,1000,0.3,6500,NA,NA,NA,NA,"Uganda"
"164","2019-12","Palabek",3.3,1000,0.6,1000,0.2,6000,NA,NA,NA,NA,"Uganda"
"165","2019-12","Palabek",3,1000,0.7,1000,0.4,6000,NA,NA,1.8,1000,"Uganda"
"166","2019-12","Palabek",3,1000,0.7,1000,0.2,5000,NA,NA,NA,NA,"Uganda"
"167","2019-12","Palabek",NA,NA,0.6,1000,NA,NA,NA,NA,NA,NA,"Uganda"
"168","2019-12","Palabek",3,1000,0.6,1000,NA,NA,10.1,2000,1.5,1000,"Uganda"
"169","2019-12","Palabek",NA,NA,0.4,1000,0.3,6000,NA,NA,NA,NA,"Uganda"
"170","2019-12","Palabek",NA,NA,0.4,1000,NA,NA,NA,NA,NA,NA,"Uganda"
"171","2019-12","Palabek",3.1,1000,0.6,1000,0.3,6000,10.5,2000,0.9,1000,"Uganda"
"172","2019-12","Imvepi",1,1000,1,2000,0.5,5000,1,1500,1,1000,"Uganda"
"173","2019-12","Imvepi",1,1000,1,1600,1,20000,NA,NA,1,1000,"Uganda"
"174","2019-12","Koboko/Lobule",1.5,1000,1.2,1000,0.4,10000,6,1000,1,500,"Uganda"
"175","2019-7","Palabek",1.6,1000,0.6,1000,0.3,6000,NA,NA,NA,NA,"Uganda"
"176","2020-1","Bidibidi",1.95,1000,0.85,1000,0.75,5000,NA,NA,NA,NA,"Uganda"
"177","2020-1","Bidibidi",1.5,1000,0.79,1000,0.8,5000,NA,NA,NA,NA,"Uganda"
"178","2020-1","Bidibidi",1.6,1000,0.75,1000,0.76,5000,NA,NA,NA,NA,"Uganda"
"179","2020-1","Bidibidi",2,1000,0.9,1000,0.85,5000,NA,NA,NA,NA,"Uganda"
"180","2020-1","Imvepi",NA,NA,NA,NA,0.4,5000,NA,NA,NA,NA,"Uganda"
"181","2020-1","Imvepi",NA,NA,NA,NA,NA,NA,NA,NA,NA,NA,"Uganda"
"182","2020-1","Imvepi",NA,NA,NA,NA,NA,NA,NA,NA,NA,NA,"Uganda"
"183","2020-1","Kyangwali",1,450,1,1600,1,20000,NA,NA,NA,NA,"Uganda"
"184","2020-1","Kyangwali",1,450,1,1850,1,23000,NA,NA,NA,NA,"Uganda"
"185","2020-1","Kyangwali",1,350,1,1700,1,22000,NA,NA,NA,NA,"Uganda"
"186","2020-1","Palorinya",3.3,2000,0.9,1000,0.45,5000,NA,NA,NA,NA,"Uganda"
"187","2020-1","Palorinya",1.7,1000,0.95,1000,0.4,5000,NA,NA,NA,NA,"Uganda"
"188","2020-1","Palorinya",3.5,2000,0.85,1000,0.45,5000,NA,NA,NA,NA,"Uganda"
"189","2020-1","Kyaka II",1,1000,0.3,500,0.2,5000,NA,NA,NA,NA,"Uganda"
"190","2020-1","Palabek",3.1,1000,0.6,1000,0.3,6000,NA,NA,NA,NA,"Uganda"
"191","2020-1","Palabek",3.3,1000,0.6,1000,0.2,6000,NA,NA,NA,NA,"Uganda"
"192","2020-1","Palabek",NA,NA,0.5,1000,0.2,6000,NA,NA,NA,NA,"Uganda"
"193","2020-1","Palabek",NA,NA,0.5,1000,NA,NA,NA,NA,NA,NA,"Uganda"
"194","2020-1","Palabek",3,1000,0.5,1000,0.2,5000,NA,NA,NA,NA,"Uganda"
"195","2020-1","Palabek",2.9,1000,0.6,1000,NA,NA,NA,NA,NA,NA,"Uganda"
"196","2020-1","Rwamwanja",1.2,2000,NA,NA,0.1,3000,NA,NA,NA,NA,"Uganda"
"197","2020-1","Kyangwali",1,300,1,1800,1,23000,NA,NA,NA,NA,"Uganda"
"198","2020-1","Kyangwali",1,350,1,1700,1,23500,NA,NA,NA,NA,"Uganda"
"199","2020-1","Kyangwali",1,450,1,1850,1,20000,NA,NA,NA,NA,"Uganda"
"200","2020-1","Palabek",3,1000,0.6,1000,0.7,6000,NA,NA,NA,NA,"Uganda"
"201","2020-1","Palabek",2.9,1000,0.5,1000,0.5,5000,NA,NA,NA,NA,"Uganda"
"202","2020-1","Palabek",3,1000,0.6,1000,0.3,6000,NA,NA,NA,NA,"Uganda"
"203","2020-1","Kyaka II",1.5,1000,NA,NA,0.4,500,NA,NA,NA,NA,"Uganda"
"204","2020-1","Bidibidi",1,1000,NA,NA,1,5000,NA,NA,NA,NA,"Uganda"
"205","2020-1","Bidibidi",1,500,NA,NA,0.25,5000,NA,NA,NA,NA,"Uganda"
"206","2020-1","Bidibidi",1,1000,0.75,1000,0.65,5000,NA,NA,NA,NA,"Uganda"
"207","2020-1","Bidibidi",2,1000,NA,NA,NA,NA,NA,NA,NA,NA,"Uganda"
"208","2020-1","Bidibidi",2.5,1000,0.75,1000,0.7,5000,NA,NA,NA,NA,"Uganda"
"209","2020-1","Bidibidi",1.35,1000,0.8,1000,0.65,5000,NA,NA,NA,NA,"Uganda"
"210","2020-1","Bidibidi",2.1,1000,0.85,1000,0.5,5000,NA,NA,NA,NA,"Uganda"
"211","2020-1","Adjumani",1.7,2000,0.6,2500,0.4,14000,NA,NA,NA,NA,"Uganda"
"212","2020-1","Adjumani",1.5,2000,0.6,3000,0.4,15000,NA,NA,NA,NA,"Uganda"
"213","2020-1","Adjumani",1.4,2000,0.6,3500,0.4,16000,NA,NA,NA,NA,"Uganda"
"214","2020-1","Arua/Rhino Camp",NA,NA,1,600,1,5000,NA,NA,NA,NA,"Uganda"
"215","2020-1","Arua/Rhino Camp",NA,NA,1,600,1,2500,NA,NA,NA,NA,"Uganda"
"216","2020-1","Arua/Rhino Camp",1,1000,1,600,1,8000,NA,NA,NA,NA,"Uganda"
"217","2020-1","Imvepi",NA,NA,0.66,400,NA,NA,NA,NA,NA,NA,"Uganda"
"218","2020-1","Imvepi",NA,NA,NA,NA,NA,NA,NA,NA,NA,NA,"Uganda"
"219","2020-1","Rwamwanja",2.1,1000,NA,NA,0.2,5000,NA,NA,NA,NA,"Uganda"
"220","2020-1","Kyaka II",1.2,1000,NA,NA,0.3,5000,NA,NA,NA,NA,"Uganda"
"221","2020-1","Kyangwali",1,200,1,2500,1,25700,NA,NA,NA,NA,"Uganda"
"222","2020-1","Kyangwali",1,200,1,2000,1,15000,NA,NA,NA,NA,"Uganda"
"223","2020-1","Palabek",3,1000,0.5,1000,0.2,5000,NA,NA,NA,NA,"Uganda"
"224","2020-1","Palabek",2.4,1000,NA,NA,0.2,5000,NA,NA,NA,NA,"Uganda"
"225","2020-1","Palabek",3,1000,0.5,1000,0.2,5000,NA,NA,NA,NA,"Uganda"
"226","2020-1","Palabek",NA,NA,NA,NA,0.2,5000,NA,NA,NA,NA,"Uganda"
"227","2020-1","Palabek",3,1000,0.4,1000,0.3,6000,NA,NA,NA,NA,"Uganda"
"228","2020-1","Palabek",2.8,1000,NA,NA,0.2,6000,NA,NA,NA,NA,"Uganda"
"229","2020-1","Bidibidi",2.01,1000,0.4,1000,0.3,5000,NA,NA,NA,NA,"Uganda"
"230","2020-1","Bidibidi",NA,NA,0.3,1000,0.3,5000,NA,NA,NA,NA,"Uganda"
"231","2020-1","Bidibidi",2.5,1000,0.3,1000,0.3,5000,NA,NA,NA,NA,"Uganda"
"232","2020-1","Bidibidi",NA,NA,0.4,1000,0.3,1000,NA,NA,NA,NA,"Uganda"
"233","2020-1","Nakivale",1,1400,NA,NA,NA,NA,NA,NA,NA,NA,"Uganda"
"234","2020-1","Nakivale",1,1000,1.8,2000,NA,NA,NA,NA,NA,NA,"Uganda"
"235","2020-1","Nakivale",1,1000,NA,NA,NA,NA,NA,NA,NA,NA,"Uganda"
"236","2020-1","Oruchinga",1,1000,NA,NA,NA,NA,NA,NA,NA,NA,"Uganda"
"237","2020-1","Oruchinga",1,1000,NA,NA,NA,NA,NA,NA,NA,NA,"Uganda"
"238","2020-1","Oruchinga",1,1000,NA,NA,NA,NA,NA,NA,NA,NA,"Uganda"
"239","2020-1","Adjumani",1.4,2000,0.7,3000,0.4,13000,NA,NA,NA,NA,"Uganda"
"240","2020-1","Adjumani",1.1,1000,0.7,5000,0.4,14000,NA,NA,NA,NA,"Uganda"
"241","2020-1","Adjumani",1,1000,0.7,5000,0.4,15000,NA,NA,NA,NA,"Uganda"
"242","2020-1","Palorinya",NA,NA,0.2,1000,0.3,5000,NA,NA,NA,NA,"Uganda"
"243","2020-1","Palorinya",NA,NA,0.2,1000,0.3,5000,NA,NA,NA,NA,"Uganda"
"244","2020-1","Palorinya",NA,NA,0.2,1000,0.1,5000,NA,NA,NA,NA,"Uganda"
"245","2020-1","Kyangwali",1,200,1,1800,1,23300,NA,NA,NA,NA,"Uganda"
"246","2020-1","Bidibidi",NA,NA,NA,NA,NA,NA,NA,NA,NA,NA,"Uganda"
"247","2020-12","Kiryandongo",3,1000,0.3,1000,0.5,10000,6,2000,0.3,1000,"Uganda"
"248","2020-2","Bidibidi",NA,NA,0.4,1000,0.3,5000,NA,NA,NA,NA,"Uganda"
"249","2020-2","Bidibidi",NA,NA,0.3,1000,0.3,5000,NA,NA,NA,NA,"Uganda"
"250","2020-2","Bidibidi",NA,NA,0.3,1000,0.3,5000,NA,NA,NA,NA,"Uganda"
"251","2020-2","Bidibidi",NA,NA,0.3,1000,0.3,5000,NA,NA,NA,NA,"Uganda"
"252","2020-2","Palabek",3,1000,0.5,1000,0.2,6000,NA,NA,NA,NA,"Uganda"
"253","2020-2","Palabek",3.1,1000,0.5,1000,0.2,6000,NA,NA,NA,NA,"Uganda"
"254","2020-2","Palabek",3,1000,0.6,1000,0.3,6500,NA,NA,NA,NA,"Uganda"
"255","2020-2","Palorinya",1,2000,0.2,1000,0.4,5000,NA,NA,NA,NA,"Uganda"
"256","2020-2","Palorinya",0.5,2000,0.2,1000,0.2,4000,NA,NA,NA,NA,"Uganda"
"257","2020-2","Rwamwanja",2.5,2000,NA,NA,0.2,500,NA,NA,NA,NA,"Uganda"
"258","2020-2","Bidibidi",NA,NA,0.4,1000,0.3,5000,NA,NA,NA,NA,"Uganda"
"259","2020-2","Bidibidi",NA,NA,0.3,1000,0.3,5000,NA,NA,NA,NA,"Uganda"
"260","2020-2","Bidibidi",NA,NA,0.3,1000,0.3,5000,NA,NA,NA,NA,"Uganda"
"261","2020-2","Bidibidi",NA,NA,0.3,1000,0.3,5000,NA,NA,NA,NA,"Uganda"
"262","2020-2","Kyangwali",1,1000,1,1500,1,10000,NA,NA,NA,NA,"Uganda"
"263","2020-2","Kyangwali",1,500,1,2000,1,22000,NA,NA,NA,NA,"Uganda"
"264","2020-2","Palabek",3,1000,0.5,1000,0.3,6000,NA,NA,NA,NA,"Uganda"
"265","2020-2","Palabek",2.9,1000,NA,NA,0.2,6000,NA,NA,NA,NA,"Uganda"
"266","2020-2","Palabek",NA,NA,NA,NA,0.2,6500,NA,NA,NA,NA,"Uganda"
"267","2020-2","Kyangwali",1,650,1,1500,1,20000,NA,NA,NA,NA,"Uganda"
"268","2020-2","Kyangwali",1,500,1,1800,1,22000,NA,NA,NA,NA,"Uganda"
"269","2020-2","Kyangwali",1,400,1,1700,1,25000,NA,NA,NA,NA,"Uganda"
"270","2020-2","Imvepi",NA,NA,NA,NA,NA,5000,NA,NA,NA,NA,"Uganda"
"271","2020-2","Imvepi",NA,NA,NA,NA,NA,NA,NA,NA,NA,NA,"Uganda"
"272","2020-2","Imvepi",NA,NA,0.5,600,NA,50000,NA,NA,NA,NA,"Uganda"
"273","2020-2","Kyaka II",1.5,1000,0.3,500,0.25,5000,NA,NA,NA,NA,"Uganda"
"274","2020-2","Kyaka II",2.5,1000,NA,NA,0.3,5000,NA,NA,NA,NA,"Uganda"
"275","2020-2","Bidibidi",NA,NA,0.4,1000,0.4,5000,NA,NA,NA,NA,"Uganda"
"276","2020-2","Bidibidi",2.5,1000,0.4,1000,0.3,5000,NA,NA,NA,NA,"Uganda"
"277","2020-2","Bidibidi",NA,NA,0.3,1000,0.3,5000,NA,NA,NA,NA,"Uganda"
"278","2020-2","Bidibidi",NA,NA,0.4,1000,0.3,5000,NA,NA,NA,NA,"Uganda"
"279","2020-2","Palabek",3.5,1000,0.5,1000,0.3,6000,NA,NA,NA,NA,"Uganda"
"280","2020-2","Palabek",2.8,1000,0.5,1000,0.2,5000,NA,NA,NA,NA,"Uganda"
"281","2020-2","Palabek",3,1000,0.4,1000,0.2,6000,NA,NA,NA,NA,"Uganda"
"282","2020-2","Nakivale",3.2,2000,NA,NA,NA,NA,NA,NA,NA,NA,"Uganda"
"283","2020-2","Nakivale",3.6,2000,1.7,2000,0.36,6000,NA,NA,NA,NA,"Uganda"
"284","2020-2","Nakivale",2,2000,2.1,2000,0.42,6000,NA,NA,NA,NA,"Uganda"
"285","2020-2","Oruchinga",2.7,2000,1.6,2000,0.32,6000,NA,NA,NA,NA,"Uganda"
"286","2020-2","Oruchinga",3,2000,1.7,2000,0.3,6000,NA,NA,NA,NA,"Uganda"
"287","2020-2","Oruchinga",3.2,2000,1.8,2000,0.4,6000,NA,NA,NA,NA,"Uganda"
"288","2020-2","Rwamwanja",2.7,1000,NA,NA,0.2,5000,NA,NA,NA,NA,"Uganda"
"289","2020-2","Kyaka II",2.3,1000,0.7,500,0.2,5000,NA,NA,NA,NA,"Uganda"
"290","2020-2","Arua/Rhino Camp",NA,NA,0.3,1000,0.2,5000,NA,NA,NA,NA,"Uganda"
"291","2020-2","Bidibidi",2.5,1000,0.3,1000,0.3,5000,NA,NA,NA,NA,"Uganda"
"292","2020-2","Bidibidi",2.4,1000,NA,NA,0.3,5000,NA,NA,NA,NA,"Uganda"
"293","2020-2","Bidibidi",2.5,1000,0.3,1000,0.4,5000,NA,NA,NA,NA,"Uganda"
"294","2020-2","Bidibidi",2.5,1000,0.3,1000,0.3,5000,NA,NA,NA,NA,"Uganda"
"295","2020-2","Kiryandongo",2.2,1000,0.5,1000,0.4,6000,NA,NA,NA,NA,"Uganda"
"296","2020-2","Kiryandongo",2.3,1000,0.3,1000,0.3,6000,NA,NA,NA,NA,"Uganda"
"297","2020-3","Bidibidi",2.4,1000,0.3,1000,0.3,5000,3,2000,1.5,1000,"Uganda"
"298","2020-3","Bidibidi",2.5,1000,0.3,1000,0.3,5000,3,2000,1.5,1000,"Uganda"
"299","2020-3","Bidibidi",2.3,1000,0.4,1000,0.4,5000,3,2000,1.5,1000,"Uganda"
"300","2020-3","Bidibidi",NA,NA,0.3,1000,0.3,5000,3,2000,1.8,1000,"Uganda"
"301","2020-3","Kyaka II",1.5,1000,NA,NA,NA,NA,NA,NA,0.9,1000,"Uganda"
"302","2020-3","Kyaka II",1.5,1000,0.6,500,0.2,5000,NA,NA,0.5,500,"Uganda"
"303","2020-3","Kyangwali",1,450,1,1700,1,18000,NA,NA,NA,NA,"Uganda"
"304","2020-3","Kyangwali",1,400,1,1750,1,17000,NA,NA,NA,NA,"Uganda"
"305","2020-3","Kyangwali",1,450,1,1800,1,19000,NA,NA,NA,NA,"Uganda"
"306","2020-3","Rwamwanja",2,1000,0.4,500,0.3,7000,NA,NA,1.3,1000,"Uganda"
"307","2020-3","Kyangwali",1,450,1,1700,1,20000,NA,NA,NA,NA,"Uganda"
"308","2020-3","Kyangwali",1,450,1,1800,1,19000,NA,NA,NA,NA,"Uganda"
"309","2020-3","Kyangwali",1,350,1,1750,1,18000,NA,NA,NA,NA,"Uganda"
"310","2020-3","Bidibidi",2.5,1000,0.3,1000,NA,NA,5,2000,2,1000,"Uganda"
"311","2020-3","Bidibidi",2.4,1000,0.4,1000,0.3,5000,4,2000,1.5,1000,"Uganda"
"312","2020-3","Bidibidi",2.6,1000,0.4,1000,0.3,5000,4,2000,1.7,1000,"Uganda"
"313","2020-3","Bidibidi",2.3,1000,0.3,1000,0.3,5000,3,2000,1,1000,"Uganda"
"314","2020-3","Palorinya",1.7,1000,0.3,1000,0.4,5000,NA,3000,NA,6000,"Uganda"
"315","2020-3","Palorinya",1.7,1000,0.35,1000,0.45,5000,NA,3000,NA,6000,"Uganda"
"316","2020-3","Palorinya",1.7,1000,0.4,1000,0.45,5000,NA,5000,NA,6000,"Uganda"
"317","2020-3","Kiryandongo",2.6,1000,0.3,1000,0.3,6000,NA,NA,NA,NA,"Uganda"
"318","2020-3","Bidibidi",2.3,1000,0.3,1000,0.3,5000,3,2000,1.2,1000,"Uganda"
"319","2020-3","Bidibidi",2.4,1000,0.3,1000,0.3,5000,3.5,2000,1,1000,"Uganda"
"320","2020-3","Bidibidi",2.2,1000,0.3,1000,0.3,5000,3,2000,1.3,1000,"Uganda"
"321","2020-3","Bidibidi",2.1,1000,0.3,1000,0.3,5000,4,2000,1.2,1000,"Uganda"
"322","2020-3","Rwamwanja",1.5,1000,0.3,500,0.4,7000,NA,NA,1.4,1000,"Uganda"
"323","2020-3","Oruchinga",2.6,2000,1.4,2000,0.28,6500,NA,NA,1.8,2000,"Uganda"
"324","2020-3","Oruchinga",2.4,2000,1.3,2000,0.3,6000,NA,NA,2.2,2000,"Uganda"
"325","2020-3","Oruchinga",2.5,2000,1.5,2000,0.3,6000,NA,NA,1.8,2000,"Uganda"
"326","2020-3","Palorinya",1.5,1000,0.2,1000,0.5,5000,4,2000,1,5000,"Uganda"
"327","2020-3","Bidibidi",2.3,1000,0.3,1000,0.3,5000,3,1000,1.2,1000,"Uganda"
"328","2020-3","Bidibidi",2.4,1000,0.3,1000,0.4,5000,3,2000,1.2,1000,"Uganda"
"329","2020-3","Bidibidi",2.5,1000,0.3,1000,0.3,5000,2.5,2000,1.1,1000,"Uganda"
"330","2020-3","Bidibidi",2.1,1000,0.3,1000,0.4,5000,2.5,2000,1.3,1000,"Uganda"
"331","2020-3","Kiryandongo",2.1,1000,0.3,1000,0.3,6000,6,2000,0.2,1000,"Uganda"
"332","2020-3","Kyaka II",1.4,1000,NA,NA,0.3,5000,NA,NA,0.4,1000,"Uganda"
"333","2020-3","Kyaka II",0.5,1000,0.2,500,0.3,5000,NA,NA,0.3,1000,"Uganda"
"334","2020-3","Arua/Rhino Camp",NA,NA,NA,NA,NA,NA,11.6,2000,2.2,1000,"Uganda"
"335","2020-3","Arua/Rhino Camp",2,1000,0.5,1000,0.2,1000,13.1,2000,1.8,1000,"Uganda"
"336","2020-3","Arua/Rhino Camp",3.5,1000,NA,NA,0.2,4000,12.5,2000,1.6,1000,"Uganda"
"337","2020-3","Koboko/Lobule",NA,NA,NA,NA,0.2,4000,22,2000,2,1000,"Uganda"
"338","2020-3","Koboko/Lobule",1.5,2000,1.8,1500,0.3,4500,15,2000,1,600,"Uganda"
"339","2020-3","Koboko/Lobule",1.3,2000,1.5,1000,0.4,5000,14,2000,1,500,"Uganda"
